Sources can be outdated very quickly and thus will be updated periodically - otherwise refer also to state ministries etc. where numbers differ as updating checks are made by us from Kreis (district) to Landes (state) or within the district websites,,,,,,,,,,,,,,,,,,,,
"Data can be used for reproduction with attribution to ""Risklayer GmbH (www.risklayer.com) and Center for Disaster Management and Risk Reduction Technology (CEDIM) at Karlsruhe Institute of Technology (KIT) and the Risklayer-CEDIM SARS-CoV-2 Crowdsourcing Contributors"".",,,,,,,,,,,,,,,,,,,,
Contact: James Daniell (@JamesEDaniell on Twitter) or via the Risklayer Website; and Johannes Brand (@JohannesBrand98).,,,,Erste,Erste,Erste,Erste,Erste,Erste,Erste,Erste,Zweite,Zweite,Zweite,Zweite,Dritte,Dritte,Dritte,Dritte,
GEN,BEZ,Coronavirus Infektionen / Coronavirus Cases,Main Source / Hauptquelle,Crowdsourced Infektionen,Genesen,Quarantine,Nothilfe (Stationär/Intensiv),Todesfälle,"Zeit (Datum, Uhrzeit)",Hauptquelle (MUSS Kreis oder Gesundheitsamt sein),Contributor,Crowdsourced Infektionen,Zeit,Main Source / Hauptquelle,Contributor,Crowdsourced Infektionen,Zeit,Main Source / Hauptquelle,Contributor,
Ahrweiler,Landkreis,17,https://www.kreis-ahrweiler.de/presse.php?lfdnrp=9072,17,,83,,0,18/03/2020 13:00,https://www.kreis-ahrweiler.de/presse.php?lfdnrp=9072,@JamesEDaniell (james@risklayer.com),,,,,,,,,7
Aichach-Friedberg,Landkreis,12,https://lra-aic-fdb.de/landratsamt/fachbereiche/abteilung-3-oeffentliche-sicherheit/gesundheitsamt/informationen-zum-coronavirus,12,,,,,,,,,,,,,,,,9
Alb-Donau-Kreis,Landkreis,26,https://www.alb-donau-kreis.de/alb-donau-kreis/startseite/dienstleistungen+service/coronavirus.html,26,,,,,,,,,,,,,,,,8
Altenburger Land,Landkreis,4,https://www.altenburgerland.de/sixcms/detail.php?&_nav_id1=2508&_lang=de&id=371691,4,,,,,,,,,,,,,,,,16
Altenkirchen (Westerwald),Landkreis,8,"https://www.kreis-altenkirchen.de/INTERNET/Quicknavigation/Startseite-Kreis-Altenkirchen/Corona-Landkreis-Altenkirchen-will-Klarheit-zu-Veranstaltungsabsagen.php?object=tx,2154.7&ModID=7&FID=2333.4870.1&NavID=2154.2&NavID=2154.12",8,,,,,,,,,,,,,,,,7
Altmarkkreis Salzwedel,Landkreis,3,https://www.altmarkkreis-salzwedel.de/buerger-presseservice/presseservice/pressemitteilungen-neuigkeiten-pressebilder/fuenf-personen-in-sachsen-anhalt-positiv-auf-coronavirus-getestet.aspx,3,,,,,,,,,,,,,,,,15
Altötting,Landkreis,5,https://www.lra-aoe.de/news/neuartiges-coronavirus-2019-ncov,6,,,,,18.03.2020 14:00,https://www.lra-aoe.de/informationen-zu-corona/corona-das-gesundheitsamt-informiert,,,,,,,,,,9
Alzey-Worms,Landkreis,23,https://www.kreis-alzey-worms.eu/verwaltung/aktuelles/corona-virus.php,23,,,,,,,,,,,,,,,,7
Amberg,Kreisfreie Stadt,2,https://www.amberg.de/corona,2,,,,,,,,,,,,,,,,9
Amberg-Sulzbach,Landkreis,15,"https://www.kreis-as.de/Verwaltung-Politik/Aktuelles/Coronavirus/Weiterer-Coronavirus-Fall-im-Amberg-Sulzbacher-Land.php?object=tx,3131.5&ModID=7&FID=3131.4719.1&NavID=3132.84&La=1",15,,,,,,,,,,,,,,,,9
Ammerland,Landkreis,11,https://www.ammerland.de/Aktuelles/Topthemen/Coronavirus/,14,,,,,17.03.2020 16:00,https://www.ammerland.de/Aktuelles/Topthemen/Coronavirus/,,,,,,,,,,3
Anhalt-Bitterfeld,Landkreis,6,http://www.anhalt-bitterfeld.de/media/pdf/corona/coronas-krise_-_presseinformation__16._maerz_2020__14_uhr.pdf,6,,,,,,,,,,,,,,,,15
Ansbach,Kreisfreie Stadt,1,https://www.ansbach.de/B%C3%BCrger/Sicherheit-Ordnung/Informationen-zum-Coronavirus,1,,,,,,,,,,,,,,,,9
Ansbach,Landkreis,3,https://www.landkreis-ansbach.de/Leben-im-Landkreis/Gesundheit-Soziales/Coronavirus,3,,,,,,,,,,,,,,,,9
Aschaffenburg,Kreisfreie Stadt,26,https://www.aschaffenburg.de/Aktuelles/Coronavirus/DE_index_5409_74954.html,26,,,,,,,,,,,,,,,,9
Aschaffenburg,Landkreis,23,https://www.landkreis-aschaffenburg.de/wer-macht-was/gesund-soziales/gesund/corona/,23,,,,,,,,,,,,,,,,9
Augsburg,Kreisfreie Stadt,22,https://www.augsburg.de/umwelt-soziales/gesundheit/coronavirus,22,,,,,,,,,,,,,,,,9
Augsburg,Landkreis,35,https://www.landkreis-augsburg.de/,35,,,,,,,,,,,,,,,,9
Aurich,Landkreis,17,https://www.landkreis-aurich.de/soziales-gesundheit/gesundheit/aktuelle-informationen-zum-thema-corona/news.html,17,,104,,0,18/03/2020 13:00 ,https://www.landkreis-aurich.de/soziales-gesundheit/gesundheit/aktuelle-informationen-zum-thema-corona/news.html,@JohannesBrand98,,,,,,,,,3
Bad Dürkheim,Landkreis,19,https://www.kreis-bad-duerkheim.de/kv_bad_duerkheim/Aktuelles/Aktuelles%20%C3%9Cbersicht/Informationen%20zu%20Corona-Virustyp%20COVID%2019/,19,,,,,,,,,,,,,,,,7
Bad Kissingen,Landkreis,7,https://www.landkreis-badkissingen.de/buerger--politik/aktuelle-meldungen/informationen-zum-corona-virus/aktuelle-meldungen-zum-coronavirus/10775.Vier-weitere-bestaetigte-Coronafaelle-im-Landkreis-Bad-Kissingen.html,7,,,,,,,,,,,,,,,,9
Bad Kreuznach,Landkreis,23,https://www.kreis-badkreuznach.de/kreisverwaltung/organisation/amt-7-gesundheitsamt/coronavirus/aktuellste-meldung-aus-dem-landkreis/,23,,,,,,,,,,,,,,,,7
Bad Tölz-Wolfratshausen,Landkreis,11,https://www.lra-toelz.de/ein-weiterer-coronavirus-fall-im-landkreis-bad-toelz-wolfratshausen-am-sonntag-bestaetigt,11,,,,,,,,,,,,,,,,9
Baden-Baden,Stadtkreis,12,https://www.landkreis-rastatt.de/site/kreis-rastatt/get/documents_E937746122/kreis-rastatt/Objekte/02_Landratsamt/pdf-Dateien/Gesundheitsamt/CORONA_Grafische%20Darstellung%20Landkreis%20Rastatt%20und%20Stadtkreis%20Baden-Baden.pdf,12,,,,,,,,,,,,,,,,8
Bamberg,Kreisfreie Stadt,9,"https://www.landkreis-bamberg.de/Kurzmen%C3%BC/Startseite/index.php?&object=tx,2892.5&ModID=255&FID=2892.1832.1&kat=&kuo=1&call=0&k_sub=0&La=1",9,,,,,,,,,,,,,,,,9
Bamberg,Landkreis,10,"https://www.landkreis-bamberg.de/Kurzmen%C3%BC/Startseite/index.php?&object=tx,2892.5&ModID=255&FID=2892.1832.1&kat=&kuo=1&call=0&k_sub=0&La=1",10,,,,,,,,,,,,,,,,9
Barnim,Landkreis,10,https://www.barnim.de/leben-in-barnim/gesundheit/coronavirus.html,10,,,,,,,,,,,,,,,,12
Bautzen,Landkreis,24,https://www.landkreis-bautzen.de/lagebericht-corona-virus-im-landkreis-bautzen-stand-16-00-uuhr.php,24,,,,,,,,,,,,,,,,14
Bayreuth,Kreisfreie Stadt,1,https://www.bayreuth.de/rathaus-buergerservice/leben-in-bayreuth/notfaelle-gesundheit/notfaelle-gesundheit/,1,,,,,,,,,,,,,,,,9
Bayreuth,Landkreis,6,https://www.landkreis-bayreuth.de/umwelt-gesundheit/coronavirus-wir-informieren/allgemeine-informationen/,6,,,,,,,,,,,,,,,,9
Berchtesgadener Land,Landkreis,9,https://www.lra-bgl.de/t/das-landratsamt/aktuelles/details/news///weitere-coronavirus-infektionen-im-landkreis-berchtesgadener-land/,9,,,,,,,,,,,,,,,,9
Bergstraße,Landkreis,25,https://www.kreis-bergstrasse.de/magazin/artikel.php?artikel=7325&menuid=473&topmenu=467,25,,,,,,,,,,,,,,,,6
Berlin,Kreisfreie Stadt,383,https://www.berlin.de/sen/gpg/service/presse/2020/pressemitteilung.908263.php,383,,,,,,,,,,,,,,,,11
Bernkastel-Wittlich,Landkreis,7,https://www.bernkastel-wittlich.de/aktuelles/details/news/zwei-weitere-covid-19-faelle-im-landkreis-bernkastel-wittlich/,7,,,,,,,,,,,,,,,,7
Biberach,Landkreis,38,https://www.biberach.de/aktuelles/presse/pressemitteilungen-2020/detailansicht-2020/article/corona-teilnehmer-einer-gemeinderatssitzung-positiv-getestet.html,38,,,,,,,,,,,,,,,,8
Bielefeld,Kreisfreie Stadt,43,https://www.bielefeld.de/de/gs/covi/,49,,703,,,18/03/2020 12:00 ,https://www.bielefeld.de/de/gs/covi/,@_MitschiBoy_,,,,,,,,,5
Birkenfeld,Landkreis,2,https://www.birkenfeld-enzkreis.de/buergerservice/corona/aktuelle-informationen-zum-corona-virus-id_2629/,2,,,,,,,,,,,,,,,,7
Böblingen,Landkreis,66,https://www.krzbb.de/krz_50_111859080-13-_Corona-Oeffentliches-Leben-im-Kreis-Boeblingen-wird-weiter-eingeschraenkt.html,66,,,,,,,,,,,,,,,,8
Bochum,Kreisfreie Stadt,26,https://www.bochum.de/Corona,26,,,,,,,,,,,,,,,,5
Bodenseekreis,Landkreis,48,https://www.bodenseekreis.de/de/soziales-gesundheit/gesundheit/infektionsschutz/infektionskrankheiten/corona-virus/,48,,,,,,,,,,,,,,,,8
Bonn,Kreisfreie Stadt,64,https://www.bonn.de/themen-entdecken/gesundheit-verbraucherschutz/coronavirus.php,64,,,,,,,,,,,,,,,,5
Börde,Landkreis,16,https://www.landkreis-boerde.de/menschen/gesundheit/coronavirus/aktuelle-kurznachrichten/,16,,,,,,,,,,,,,,,,15
Borken,Kreis,123,https://www.presse-service.de/data.aspx/static/?ID=1040027f.html,123,,,,,,,,,,,,,,,,5
Bottrop,Kreisfreie Stadt,9,https://www.bottrop.de/soziales/gesundheit/infos-zum-coronavirus/index.php,9,,79,,,,,,,,,,,,,,5
Brandenburg an der Havel,Kreisfreie Stadt,1,https://www.stadt-brandenburg.de/leben/gesundheit/coronavirus-ncov/,1,,,,,,,,,,,,,,,,12
Braunschweig,Kreisfreie Stadt,12,https://www.braunschweig.de/politik_verwaltung/nachrichten/corona.php#Aktuelle_Informationen,12,,,,,,,,,,,,,,,,3
Breisgau-Hochschwarzwald,Landkreis,64,https://www.breisgau-hochschwarzwald.de/pb/Breisgau-Hochschwarzwald/Start/Service+_+Verwaltung/Corona-Virus.html,64,,,,,,,,,,,,,,,,8
Bremen,Kreisfreie Stadt,54,https://www.butenunbinnen.de/nachrichten/gesellschaft/liveticker-coronavirus-bremen-104.html,54,,,,,,,,,,,,,,,,4
Bremerhaven,Kreisfreie Stadt,12,https://www.butenunbinnen.de/nachrichten/gesellschaft/liveticker-coronavirus-bremen-104.html,12,,,,,,,,,,,,,,,,4
Burgenlandkreis,Landkreis,8,https://www.burgenlandkreis.de/de/quicklinks/corona-virus-aktuelle-entwicklung-20049167.html,8,,,,,,,,,,,,,,,,15
Calw,Landkreis,58,"https://www.kreis-calw.de/Schnellnavigation/Startseite/Zehn-weitere-Corona-F%C3%A4lle-im-Landkreis-Calw.php?object=tx,2442.14&ModID=7&FID=2442.12274.1",58,,,,,,,,,,,,,,,,8
Celle,Landkreis,15,https://www.cellesche-zeitung.de/Celle/Aus-der-Stadt/Celle-Stadt/Celle-wegen-Coronavirus-im-Krisenmodus-Geschaeft-in-Innenstadt-geschlossen,15,,,,,,,,,,,,,,,,3
Cham,Landkreis,23,https://www.landkreis-cham.de/aktuelles-nachrichten/coronavirus/,23,,,,,,,,,,,,,,,,9
Chemnitz,Kreisfreie Stadt,16,https://chemnitz.de/chemnitz/de/leben-in-chemnitz/gesundheit/gesundheitsschutz/coronavirus/index.html,16,,,,,,,,,,,,,,,,14
Cloppenburg,Landkreis,2,https://lkclp.de/gesundheit-soziales/gesundheit/aktuelles-zum-coronavirus--fragen-und-antworten.php?back=true,2,,,,,,,,,,,,,,,,3
Coburg,Kreisfreie Stadt,2,https://www.coburg.de/desktopdefault.aspx/tabid-2754/2818_read-16990/,2,,,,,,,,,,,,,,,,9
Coburg,Landkreis,6,https://www.landkreis-coburg.de/2506-0-Coronavirus-Aktueller-Stand-der-Corona-Virus-Infektionen-in-Stadt-und-Landkreis-Coburg.html,6,,,,,,,,,,,,,,,,9
Cochem-Zell,Landkreis,25,https://www.cochem-zell.de/kv_cochem_zell/Unsere%20Themen/Gesundheitsamt/Informationen%20%C3%BCber%20das%20Coronavirus/Gesundheitsamt%20informiert%20%C3%BCber%20den%20aktuellen%20Stand%20der%20Corona-F%C3%A4lle%20im%20Landkreis%20und%20appelliert%20weiterhin%20an%20die%20Eigenverantwortung/,25,,,,,,,,,,,,,,,,7
Coesfeld,Kreis,70,https://www.kreis-coesfeld.de/nachrichten-details.html?tx_news_pi1%5Bnews%5D=6384&tx_news_pi1%5Bcontroller%5D=News&tx_news_pi1%5Baction%5D=detail&cHash=fbc526888b1c1ad0942c67f01357deb4,70,,,,,,,,,,,,,,,,5
Cottbus,Kreisfreie Stadt,17,http://www.cottbus.de/verwaltung/gb_iii/gesundheit/coronavirus_covid-19_sars-cov-2.html,17,,,,,,,,,,,,,,,,12
Cuxhaven,Landkreis,13,https://www.landkreis-cuxhaven.de/Corona,13,,,,,,,,,,,,,,,,3
Dachau,Landkreis,18,https://www.landratsamt-dachau.de/aktuelles/pressemitteilungen/aktuelle-lage-zum-coronavirus-im-landkreis-dachau-stand-16032020-1830-uhr/,18,,,,,,,,,,,,,,,,9
Dahme-Spreewald,Landkreis,6,https://www.dahme-spreewald.info/de/Politik_&_Verwaltung/Verwaltungsstruktur/Dezernat_fuer_Soziales_Jugend_Gesundheit_und_Kultur/Gesundheitsamt/Coronavirus/58651.html,6,,,,,,,,,,,,,,,,12
Darmstadt,Kreisfreie Stadt,11,https://www.darmstadt.de/nachrichten/darmstadt-aktuell/news/ausbreitung-des-coronavirus,11,,,,,,,,,,,,,,,,6
Darmstadt-Dieburg,Landkreis,14,https://perspektive.ladadi.de/index.php?id=137,14,,,,,,,,,,,,,,,,6
Deggendorf,Landkreis,21,https://www.landkreis-deggendorf.de/aktuelles/aus-dem-landkreis/info-coronavirus/,21,,,,,,,,,,,,,,,,9
Delmenhorst,Kreisfreie Stadt,5,https://www.delmenhorst.de/aktuelles/coronavirus.php,5,,,,,,,,,,,,,,,,3
Dessau-Roßlau,Kreisfreie Stadt,3,https://verwaltung.dessau-rosslau.de/stadt-buerger/neuigkeiten/detailseite/article/corona-virus-breitet-sich-aus.html,3,,,,,,,,,,,,,,,,15
Diepholz,Landkreis,35,https://www.diepholz.de/portal/meldungen/einheitliches-vorgehen-zur-eindaemmung-des-coronavirus-900004957-21750.html?rubrik=900000022,35,,,,,,,,,,,,,,,,3
Dillingen a.d. Donau,Landkreis,0,https://alp.dillingen.de/aktuelles/beitrag/informationen-zum-corona-virus-covid-19/,0,,,,,,,,,,,,,,,,9
Dingolfing-Landau,Landkreis,14,https://www.landkreis-dingolfing-landau.de/buergerservice/coronavirus/,14,,,,,,,,,,,,,,,,9
Dithmarschen,Kreis,6,https://www.dithmarschen.de/Neues-erfahren/Pressemitteilungen,6,,,,,,,,,,,,,,,,1
Donau-Ries,Landkreis,10,https://www.donau-ries.de/Landratsamt/Buergerservice/Aufgabenbereiche/Gesundheitsamt-Humanmedizin.aspx,10,,,,,,,,,,,,,,,,9
Donnersbergkreis,Landkreis,11,https://www.donnersberg.de/donnersbergkreis/Aktuelles/Aktuelles%20aus%20dem%20Kreishaus/2020/M%C3%A4rz/Gesundheitsamt%20Aktuell%3A%20SARS-CoV-2%20-%2017.%20M%C3%A4rz/,11,,,,,,,,,,,,,,,,7
Dortmund,Kreisfreie Stadt,62,https://www.dortmund.de/de/leben_in_dortmund/nachrichtenportal/alle_nachrichten/nachricht.jsp?nid=622746,62,,,,,,,,,,,,,,,,5
Dresden,Kreisfreie Stadt,40,https://www.sms.sachsen.de/coronavirus.html,40,,,,,,,,,,,,,,,,14
Duisburg,Kreisfreie Stadt,46,https://www.duisburg.de/allgemein/fachbereiche/gesundheitsamt/corona-virus_allgemeine-informationen.php#Aktuelle_Informationen_zum_Coronavirus-2C_Stand_15-03--2C_09-00_Uhr,52,,,,,,http://www.brd.nrw.de/bausteine/_TT/TT_Corona_Virus_Karte_F.html,,,,,,,,,,5
Düren,Kreis,54,https://www.kreis-dueren.de/aktuelles/presse/corona-aktuelles.php,54,,,,,,,,,,,,,,,,5
Düsseldorf,Kreisfreie Stadt,130,https://www.duesseldorf.de/?L=,130,,,,,,http://www.brd.nrw.de/bausteine/_TT/TT_Corona_Virus_Karte_F.html,,,,,,,,,,5
Ebersberg,Landkreis,29,https://lra-ebe.de/aktuelles/aktuelle-meldungen/corona-virus-aktuelle-informationen-14-maerz-2020/,29,,,,,,,,,,,,,,,,9
Eichsfeld,Landkreis,3,https://www.kreis-eic.de/pressemitteilungen.html,3,,,,,,,,,,,,,,,,16
Eichstätt,Landkreis,3,https://www.landkreis-eichstaett.de/aktuelles/presseberichte/weiterer-bestaetigter-fall-von-covid-19-im-landkreis-eichstaett/,3,,,,,,,,,,,,,,,,9
Eifelkreis Bitburg-Prüm,Landkreis,21,https://www.bitburg-pruem.de/cms/aktuell/pressemitteilungen,21,,,,,,,,,,,,,,,,7
Eisenach,Kreisfreie Stadt,2,https://www.eisenach.de/startseite,2,,,,,,,,,,,,,,,,16
Elbe-Elster,Landkreis,6,https://www.lkee.de/Service-Verwaltung/Kreisverwaltung/Gesundheitsamt/Coronavirus,6,,,,,,,,,,,,,,,,12
Emden,Kreisfreie Stadt,4,https://www.emden.de/rathaus/verwaltung/verwaltungsvorstand/video,4,,,,,,,,,,,,,,,,3
Emmendingen,Landkreis,60,https://www.landkreis-emmendingen.de/aktuelles/nachrichten-aus-dem-landkreis/?tx_hwnews_hwnews%5BnewsartikelId%5D=678&tx_hwnews_hwnews%5BcurrentPage%5D=1&tx_hwnews_hwnews%5Baction%5D=show&tx_hwnews_hwnews%5Bcontroller%5D=Newsartikel&cHash=aab4f31affa2b99c5b9059e772a932e4,60,,,,,,,,,,,,,,,,8
Emsland,Landkreis,36,https://www.emsland.de/buerger-behoerde/aktuell/coronavirus/fallzahlen-den-emslaendischen-kommunen.html,36,,,,,,,,,,,,,,,,3
Ennepe-Ruhr-Kreis,Kreis,32,https://www.enkreis.de/,32,,,,,,,,,,,,,,,,5
Enzkreis,Landkreis,11,"https://www.enzkreis.de/Quicknavigation/Start/Gesundheitsamt-informiert-%C3%BCber-das-neue-Coronavirus-SARS-CoV-2-18-best%C3%A4tigte-F%C3%A4lle-in-Pforzheim-und-im-Enzkreis.php?object=tx,2891.6&ModID=7&FID=2891.1978.1",11,,,,,,,,,,,,,,,,8
Erding,Landkreis,28,https://www.lra-ebe.de/aktuelles/aktuelle-meldungen/corona-virus-aktuelle-informationen-stand-16-maerz-2020/,28,,,,,,,,,,,,,,,,9
Erfurt,Kreisfreie Stadt,16,https://www.erfurt.de/ef/de/service/aktuelles/am/2020/135164.html,16,,,,,,,,,,,,,,,,16
Erlangen,Kreisfreie Stadt,12,https://www.erlangen-hoechstadt.de/aktuelles/meldungen/neuartiges-corona-virus-sars-cov-2/,12,,,,,,,,,,,,,,,,9
Erlangen-Höchstadt,Landkreis,7,https://www.erlangen-hoechstadt.de/aktuelles/meldungen/neuartiges-corona-virus-sars-cov-2/,7,,,,,,,,,,,,,,,,9
Erzgebirgskreis,Landkreis,11,https://www.erzgebirgskreis.de/de/?no_cache=1,11,,,,,,,,,,,,,,,,14
Essen,Kreisfreie Stadt,113,https://www.essen.de/gesundheit/coronavirus_aktuell.de.html,115,,,,,,http://www.brd.nrw.de/bausteine/_TT/TT_Corona_Virus_Karte_F.html,,,,,,,,,,5
Esslingen,Landkreis,206,https://www.landkreis-esslingen.de/start/kultur/caz+stark+ueberlastet.html,206,,,,,,,,,,,,,,,,8
Euskirchen,Kreis,13,https://www.kreis-euskirchen.de/kreishaus/aktuell/neuste-meldung-I.php,13,,,,,,,,,,,,,,,,5
Flensburg,Kreisfreie Stadt,7,"https://www.flensburg.de/Startseite/Informationen-zum-Coronavirus.php?object=tx,2306.5&ModID=7&FID=2306.20374.1",7,,,,,,,,,,,,,,,,1
Forchheim,Landkreis,8,https://lra-fo.de/site/1_home/Pressemitteilungen.php,8,,,,,,,,,,,,,,,,9
Frankenthal (Pfalz),Kreisfreie Stadt,1,https://www.facebook.com/Stadt.Frankenthal.Pfalz,1,,,,,,,,,,,,,,,,7
Frankfurt (Oder),Kreisfreie Stadt,4,"https://www.frankfurt-oder.de/Schnellnavigation/Startseite/OB-Ren%C3%A9-Wilke-informiert-Aktuelles-vom-Tage-Montag-16-M%C3%A4rz-2020.php?object=tx,2616.14&ModID=7&FID=2616.14852.1",4,,,,,,,,,,,,,,,,12
Frankfurt am Main,Kreisfreie Stadt,51,https://soziales.hessen.de/gesundheit/infektionsschutz/coronavirus-sars-cov-2/taegliche-uebersicht-der-bestaetigten-sars-cov-2-faelle-hessen,51,,,,,,,,,,,,,,,,6
Freiburg im Breisgau,Stadtkreis,64,https://www.breisgau-hochschwarzwald.de/pb/Breisgau-Hochschwarzwald/Start/Service+_+Verwaltung/Corona-Virus.html,64,,,,,,,,,,,,,,,,8
Freising,Landkreis,93,https://www.kreis-freising.de/news-veranstaltungen/news/detail/news/detail/News/aktuelle-informationen-zum-neuartigen-coronavirus-covid-19.html?no_cache=1&cHash=ad817213a4637dc739f3ed46f92e26ac,93,,,,,,,,,,,,,,,,9
Freudenstadt,Landkreis,12,https://www.landkreis-freudenstadt.de/Startseite/Aktuell/coronavirus.html,12,,,,,,,,,,,,,,,,8
Freyung-Grafenau,Landkreis,7,https://www.freyung-grafenau.de/verwaltung-und-politik/pressemeldungen/details/news/weiterer-corona-fall-im-landkreis/?tx_news_pi1%5Bcontroller%5D=News&tx_news_pi1%5Baction%5D=detail&cHash=22276fde70261e9d5af6f104f9dcf2b3,7,,,,,,,,,,,,,,,,9
Friesland,Landkreis,3,https://www.friesland.de/portal/seiten/neuartiges-coronavirus-in-deutschland-informationen-901001117-20800.html?rubrik=901000006,3,,,,,,,,,,,,,,,,3
Fulda,Landkreis,43,https://www.landkreis-fulda.de/buergerservice/gesundheit/aktuelles#c11139,43,,,,,,,,,,,,,,,,6
Fürstenfeldbruck,Landkreis,22,https://www.lra-ffb.de/amt-service/veroeffentlichungen/pressemitteilungen/,22,,,,,,,,,,,,,,,,9
Fürth,Kreisfreie Stadt,9,https://www.fuerth.de/Home/oeffentliches-leben-weiter-eingeschraenkt.aspx,9,,,,,,,,,,,,,,,,9
Fürth,Landkreis,3,https://www.landkreis-fuerth.de/corona.html,3,,,,,,,,,,,,,,,,9
Garmisch-Partenkirchen,Landkreis,14,https://www.lra-gap.de/de/,14,,,,,,,,,,,,,,,,9
Gelsenkirchen,Kreisfreie Stadt,18,https://www.gelsenkirchen.de/de/Soziales/Gesundheit/Coronavirus/,18,,,,,,,,,,,,,,,,5
Gera,Kreisfreie Stadt,1,https://www.gera.de/sixcms/detail.php?id=200096&_lang=de,13,,,,,,,,,,,,,,,,16
Germersheim,Landkreis,10,https://www.kreis-germersheim.de/kv_germersheim/Unsere%20Themen/Pressemitteilungen/2020/Coronavirus%20-%20Zehn%20positive%20F%C3%A4lle%20im%20Landkreis%20Germersheim%20best%C3%A4tigt/,7,,,,,,,,,,,,,,,,7
Gießen,Landkreis,17,https://www.lkgi.de/gesundheit-und-soziales/3060-gesundheitsamt-informiert-br-ueber-coronavirus,17,,,,,,,,,,,,,,,,6
Gifhorn,Landkreis,20,https://www.gifhorn.de/der-landkreis/presseportal/presseinformationen/artikel-bekanntmachung/news/aktuelle-informationen-zum-coronavirus/,20,,,,,,,,,,,,,,,,3
Göppingen,Landkreis,64,https://filstalwelle.de/shortnews/2020-03-17-landkreis-goeppingen-64-bestaetigte-corona-faelle,64,,,,,,,,,,,,,,,,8
Görlitz,Landkreis,9,http://coronavirus.landkreis.gr/,9,,,,,,,,,,,,,,,,14
Goslar,Landkreis,7,"https://www.landkreis-goslar.de/index.phtml?object=tx,1749.10&ModID=7&FID=94.13479.1&mNavID=1749.9&sNavID=94.35",7,,,,,,,,,,,,,,,,3
Gotha,Landkreis,1,https://www.landkreis-gotha.de/,1,,,,,,,,,,,,,,,,16
Göttingen,Landkreis,19,https://www.goettingen.de/aktuelles/coronavirus-zahl-der-infizierten-menschen-steigt-2020-03-17.html,19,,,,,,,,,,,,,,,,3
Grafschaft Bentheim,Landkreis,11,https://www.grafschaft-bentheim.de/magazin/artikel.php?artikel=6041&type=2&menuid=893&topmenu=893,11,,,,,,,,,,,,,,,,3
Greiz,Landkreis,3,https://www.landkreis-greiz.de/landkreis-greiz/aktuell/,3,,,,,,,,,,,,,,,,16
Groß-Gerau,Landkreis,12,"https://www.gross-gerau.de/Quicknavigation/Startseite/Corona_BGM_Aufruf.php?object=tx,2289.7&ModID=7&FID=2289.15595.1&NavID=2289.1&NavID=2289.68",12,,,,,,,,,,,,,,,,6
Günzburg,Landkreis,3,https://landratsamt.landkreis-guenzburg.de/buergerservice/sicherheit-gesundheit-verbraucherschutz/gesundheit/covid-19,3,,,,,,,,,,,,,,,,9
Gütersloh,Kreis,91,https://www.kreis-guetersloh.de/aktuelles/corona/,91,,,,,,,,,,,,,,,,5
Hagen,Kreisfreie Stadt,8,https://www.hagen.de/web/de/hagen_de/home.html,8,,,,,,,,,,,,,,,,5
Halle (Saale),Kreisfreie Stadt,27,https://www.halle.de/de/Verwaltung/Presseportal/Nachrichten/index.aspx?NewsId=45334,38,,,,,18/03/2020 10:00,https://www.halle.de/de/Verwaltung/Presseportal/Nachrichten/index.aspx?NewsId=45334,@HalleSpektrum,,,,,,,,,15
Hamburg,Kreisfreie Stadt,312,https://www.hamburg.de/coronavirus/pressemeldungen/13721208/2020-03-15-bgv-coronavirus-aktuell/,358,,,,,18/03/2020 10:30,https://www.rki.de/DE/Content/InfAZ/N/Neuartiges_Coronavirus/Fallzahlen.html,@gitscher,,,,,,,,,2
Hameln-Pyrmont,Landkreis,9,"https://www.hameln-pyrmont.de/Schnellnavigation/Startseite/9-Corona-F%C3%A4lle-im-Landkreis-Hameln-Pyrmont.php?object=tx,2561.5&ModID=7&FID=2749.5589.1&NavID=2561.7",9,,,,,,,,,,,,,,,,3
Hamm,Kreisfreie Stadt,19,https://www.hamm.de/corona,19,,,,,,,,,,,,,,,,5
Harburg,Landkreis,18,https://www.landkreis-harburg.de/,18,,,,,,,,,,,,,,,,3
Harz,Landkreis,7,http://www.kreis-hz.de/de/coronavirus.html,7,,,,,,,,,,,,,,,,15
Haßberge,Landkreis,8,https://www.hassberge.de/topmenu/startseite/news-ansicht.html?tx_news_pi1%5Bnews%5D=1646&cHash=5982f2a8fbd8823ef0de98fc8f1d2a37,8,,,,,,,,,,,,,,,,9
Havelland,Landkreis,6,https://www.havelland.de/coronavirus/,6,,,,,,,,,,,,,,,,12
Heidekreis,Landkreis,1,https://www.heidekreis.de/home/gesundheit-soziales/gesundheit-veterinaerwesen/infektionsschutzgesetz/neuartiges-coronavirus.aspx,1,,,,,,,,,,,,,,,,3
Heidelberg,Stadtkreis,41,https://www.heidelberg.de/hd/corona-virus_+die+lage+in+heidelberg.html,47,,,,,18.03.2020,"https://www.rhein-neckar-kreis.de/,Lde/start/landratsamt/coronavirus+-+faq.html",,,,,,,,,,8
Heidenheim,Landkreis,31,https://www.landkreis-heidenheim.de/Landratsamt/Organisationseinheit/Gesundheit/Coronavirus/index.htm,31,,,,,,,,,,,,,,,,8
Heilbronn,Stadtkreis,9,https://sozialministerium.baden-wuerttemberg.de/de/gesundheit-pflege/gesundheitsschutz/infektionsschutz-hygiene/informationen-zu-coronavirus/,9,,,,,,,,,,,,,,,,8
Heilbronn,Landkreis,57,https://sozialministerium.baden-wuerttemberg.de/de/gesundheit-pflege/gesundheitsschutz/infektionsschutz-hygiene/informationen-zu-coronavirus/,60,,,,,18/03/2020 13:30,https://www.landkreis-heilbronn.de/informationen-zum-coronavirus.44148.htm,,,,,,,,,,8
Heinsberg,Kreis,755,https://www.kreis-heinsberg.de/aktuelles/aktuelles/?pid=5142,811,,,,,18/03/2020 13:30,https://www.kreis-heinsberg.de/aktuelles/aktuelles/?pid=5142,@JamesEDaniell,,,,,,,,,5
Helmstedt,Landkreis,2,https://www.helmstedt.de/verwaltung/dienstleistungen/dienstleistung.php?id=692&menuid=662&refmenuid=1114&reftopmenu=782&topmenu=637,2,,,,,,,,,,,,,,,,3
Herford,Kreis,36,https://www.kreis-herford.de/LEBEN/Gesund-sein-und-bleiben/Infektionen-und-Krankheiten/Informationen-zum-Coronavirus,36,,,,,,,,,,,,,,,,5
Herne,Kreisfreie Stadt,8,https://www.herne.de/Stadt-und-Leben/Gesundheit/Informationen-zum-Coronavirus/,8,,,,,,,,,,,,,,,,5
Hersfeld-Rotenburg,Landkreis,15,https://www.hef-rof.de/presse/nachrichten-archiv/1566-zwei-neue-corona-faelle-im-landkreis,15,,,,,,,,,,,,,,,,6
Herzogtum Lauenburg,Kreis,13,https://www.kreis-rz.de/index.phtml?mNavID=1814.183&sNavID=1814.183&La=1,13,,,,,,,,,,,,,,,,1
Hildburghausen,Landkreis,0,"https://www.landkreis-hildburghausen.de/Schnellnavigation/Startseite/Pressemitteilung-zur-Allgemeinverf%C3%BCgung-des-Landratsamtes-Hildburghausen-zum-Verbot-von-Veranstaltungen-auf-dem-Gebiet-des-Landkreises-Hildburghausen.php?object=tx,2902.5&ModID=7&FID=2902.1369.1",0,,,,,,,,,,,,,,,,16
Hildesheim,Landkreis,44,"https://www.landkreishildesheim.de/-Landkreis-Aktuelle-Zahlen-zum-Coronavirus-im-Landkreis-Hildesheim.php?object=tx,2829.5&ModID=7&mobile=off&FID=2829.3121.1",44,,,,,,,,,,,,,,,,3
Hochsauerlandkreis,Kreis,80,https://www.hochsauerlandkreis.de/startseite/pressemeldungen/pressemeldung-_Corona_Virus__80_Erkrankte__Fahrschulen_schliessen___Hinweise_fuer_die_Kfz_Zulassung.php,80,,,,,,,,,,,,,,,,5
Hochtaunuskreis,Landkreis,20,https://www.hochtaunuskreis.de/Informationen+der+Kreisverwaltung+zum+Corona+Virus/Lage%C3%BCbersicht.html,20,,,,,,,,,,,,,,,,6
Hof,Kreisfreie Stadt,4,https://www.landkreis-hof.de/coronavirus-wir-informieren/,4,,,,,,,,,,,,,,,,9
Hof,Landkreis,7,https://www.landkreis-hof.de/coronavirus-wir-informieren/,7,,,,,,,,,,,,,,,,9
Hohenlohekreis,Landkreis,151,https://www.hohenlohekreis.de/fileadmin/Dateien/Dateien/Buergerservice/Gesundheit/083_03_17_Coronavirus_Akt.Stand.pdf,151,,,,1,17/03/2020 18:00,https://www.hohenlohekreis.de/index.php?id=291&publish[id]=1109784&publish[start]=,@schwabe90,,,,,,,,,8
Holzminden,Landkreis,13,https://www.landkreis-holzminden.de/portal/seiten/aktuelles-zum-coronavirus-900000405-25600.html?rubrik=900000005,13,,,,,,,,,,,,,,,,3
Höxter,Kreis,4,https://www.kreis-hoexter.de/service-kontakt/pressestelle/pressemitteilungen/4205.Update-von-Sonntag-Keine-neuen-Faelle-des-Coronavirus-im-Kreis-Hoexter.html,7,,,,,,,,,,,,,,,,5
Ilm-Kreis,Landkreis,2,https://www.ilm-kreis.de/,2,,,,,,,,,,,,,,,,16
Ingolstadt,Kreisfreie Stadt,3,"https://www.ingolstadt.de/Home/index.php?La=1&object=tx,3052.13907.1&kat=&kuo=2&sub=0&&NavID=2789.411.1",3,,,,,,,,,,,,,,,,9
Jena,Kreisfreie Stadt,20,https://gesundheit.jena.de/de/coronavirus,20,,,,,,,,,,,,,,,,16
Jerichower Land,Landkreis,1,https://www.lkjl.de/de/index.php?id=223359001131,1,,,,,,,,,,,,,,,,15
Kaiserslautern,Kreisfreie Stadt,9,https://www.kaiserslautern-kreis.de/aktuelles.html,9,,,,,,,,,,,,,,,,7
Kaiserslautern,Landkreis,13,https://www.kaiserslautern-kreis.de/aktuelles.html,13,,,,,,,,,,,,,,,,7
Karlsruhe,Stadtkreis,31,https://corona.karlsruhe.de/aktuell/aktuelle-informationen-und-zahlen,31,,,,,,,,,,,,,,,,8
Karlsruhe,Landkreis,56,https://corona.karlsruhe.de/aktuell/aktuelle-informationen-und-zahlen,56,,,,,,,,,,,,,,,,8
Kassel,Kreisfreie Stadt,15,https://www.kassel.de/aktuelles/aktuelle-meldungen/coronavirus.php,15,,,,,,,,,,,,,,,,6
Kassel,Landkreis,18,https://www.kassel.de/aktuelles/aktuelle-meldungen/coronavirus.php,18,,,,,,,,,,,,,,,,6
Kaufbeuren,Kreisfreie Stadt,5,https://www.landkreis-ostallgaeu.de/aktuelles.html,5,,,,,,,,,,,,,,,,9
Kelheim,Landkreis,6,https://www.landkreis-kelheim.de/amt-service/coronavirus/,6,,,,,,,,,,,,,,,,9
Kempten (Allgäu),Kreisfreie Stadt,5,https://www.oberallgaeu.org/de/news/detail/corona:-newsticker-oberallgaeu.html,5,,,,,,,,,,,,,,,,9
Kiel,Kreisfreie Stadt,18,https://www.kiel.de/de/gesundheit_soziales/gesundheit_vorsorgen_heilen/infektionsschutz/coronavirus.php,20,,,,,,,,,,,,,,,,1
Kitzingen,Landkreis,5,https://www.kitzingen.de/buergerservice/aktuelles/aktuelles-2020/corona/,5,,,,,,,,,,,,,,,,9
Kleve,Kreis,70,https://www.kleve.de/de/inhalt/aktuelles/,74,,,,,,http://www.brd.nrw.de/bausteine/_TT/TT_Corona_Virus_Karte_F.html,,,,,,,,,,5
Koblenz,Kreisfreie Stadt,21,https://www.koblenz.de/aktuelles/coronavirus/,21,,,,,,,,,,,,,,,,7
Köln,Kreisfreie Stadt,384,https://www.koeln.de/koeln/nachrichten/lokales/coronavirus-in-koeln-der-aktuelle-stand_1144487.html,384,,,,,,,,,,,,,,,,5
Konstanz,Landkreis,45,https://www.lrakn.de/Startseite,45,1,,,,17/03/2020,"https://www.lrakn.de/,Lde/service-und-verwaltung/aemter/gesundheit+und+versorgung/coronavirus",,,,,,,,,,8
Krefeld,Kreisfreie Stadt,43,https://www.krefeld.de/de/inhalt/informationen-zum-thema-corona-virus/,53,,,,,,http://www.brd.nrw.de/bausteine/_TT/TT_Corona_Virus_Karte_F.html,,,,,,,,,,5
Kronach,Landkreis,3,https://www.landkreis-kronach.de/aktuelles/meldungen/pressemitteilung-des-landkreises-kronach/,3,,,,,,,,,,,,,,,,9
Kulmbach,Landkreis,1,https://www.facebook.com/kulmbach.stadtportal,1,,,,,,,,,,,,,,,,9
Kusel,Landkreis,14,https://landkreis-kusel.de/no_cache/aktuelles/news.html,14,,,,,,,,,,,,,,,,7
Kyffhäuserkreis,Landkreis,8,https://www.kyffhaeuser.de/kyf/index.php/pressemeldungen-leser/items/2140.html,8,,,,,,,,,,,,,,,,16
Lahn-Dill-Kreis,Landkreis,21,https://www.lahn-dill-kreis.de/buergerservice/gesundheitsamt/hygiene-infektion/lahn-dill-kreisdecoronavirus/,21,,,,,,,,,,,,,,,,6
Landau in der Pfalz,Kreisfreie Stadt,2,https://www.suedliche-weinstrasse.de/de/aktuelles/pressemeldungen/2020_066.php,2,,,,,,,,,,,,,,,,7
Landsberg am Lech,Landkreis,10,https://www.landkreis-landsberg.de/aktuelles/pressemitteilungen/corona-virus/,10,,,,,,,,,,,,,,,,9
Landshut,Kreisfreie Stadt,4,http://www.landshut.de/portal/startseite/pressedetails/article/8840/12332.html,4,,,,,,,,,,,,,,,,9
Landshut,Landkreis,25,https://www.landkreis-landshut.de/Landratsamt/Aktuelles.aspx?rssid=f556fe1f-c62f-46a8-ab11-6eaa1479c00a,25,,,,,,,,,,,,,,,,9
Leer,Landkreis,7,https://www.landkreis-leer.de/,7,,,,,,,,,,,,,,,,3
Leipzig,Kreisfreie Stadt,71,https://www.sms.sachsen.de/coronavirus.html,114,,,,,,,,,,,,,,,,14
Leipzig,Landkreis,17,https://www.landkreisleipzig.de/,17,,,,,,,,,,,,,,,,14
Leverkusen,Kreisfreie Stadt,21,https://www.leverkusen.de/leben-in-lev/gesundheit/info-zu-corona-virus.php,21,,,,,,,,,,,,,,,,5
Lichtenfels,Landkreis,3,https://www.lkr-lif.de/landratsamt/gesundheit-und-verbraucherschutz/gesundheitswesen/informationen-fuer-die-buerger/coronavirus/index.html,3,,,,,,,,,,,,,,,,9
Limburg-Weilburg,Landkreis,8,https://www.landkreis-limburg-weilburg.de/,8,,,,,,,,,,,,,,,,6
Lindau (Bodensee),Landkreis,19,"https://www.landkreis-lindau.de/B%C3%BCrgerservice-Online-Dienste/B%C3%BCrgerservice/Aktuell/index.php?La=1&object=tx,2846.1038.1&kat=&kuo=2&sub=0",19,,,,,,,,,,,,,,,,9
Lippe,Kreis,87,https://www.kreis-lippe.de/?object=tx|2001.7113.1,87,,,,,,,,,,,,,,,,5
Lörrach,Landkreis,27,https://www.loerrach-landkreis.de/de/Service-Verwaltung/Fachbereiche/Gesundheit/Sachgebiete/Sachgebiet/Corona,27,,,,,,,,,,,,,,,,8
Lübeck,Kreisfreie Stadt,11,https://www.luebeck.de/de/rathaus/verwaltung/gesundheitsamt/infektionsschutz/coronavirus.html,11,,,,,,,,,,,,,,,,1
Lüchow-Dannenberg,Landkreis,0,https://www.luechow-dannenberg.de/home/familie-soziales-gesundheit/corona-virus.aspx,0,,,,,,,,,,,,,,,,3
Ludwigsburg,Landkreis,87,https://sozialministerium.baden-wuerttemberg.de/de/gesundheit-pflege/gesundheitsschutz/infektionsschutz-hygiene/informationen-zu-coronavirus/,87,,,,,,,,,,,,,,,,8
Ludwigshafen am Rhein,Kreisfreie Stadt,9,https://www.ludwigshafen.de/buergernah/buergerservice/informationen-zum-coronavirus/informationen-des-gesundheitsamts-des-rhein-pfalz-kreises/,9,,,,,,,,,,,,,,,,7
Ludwigslust-Parchim,Landkreis,2,https://www.kreis-lup.de/corona/,2,,,,,,,,,,,,,,,,13
Lüneburg,Landkreis,26,https://www.landkreis-lueneburg.de/,42,,,,,18.03.20 13:30,https://twitter.com/lk_lueneburg/status/1240240976221831173?s=20,@TorbenRaulfs,,,,,,,,,3
M├ñrkischer Kreis,Kreis,27,https://www.maerkischer-kreis.de/,27,,,,,,,,,,,,,,,,5
Magdeburg,Kreisfreie Stadt,20,http://magdeburg.de/Start/B%C3%BCrger-Stadt/Aktuelles-Presse/Coronavirus-Covid-19,20,,,,,,,,,,,,,,,,15
Main-Kinzig-Kreis,Landkreis,33,https://www.mkk.de/aktuelles/pressemitteilungen_1/pressemitteilung_1174336.html,33,,,,,,,,,,,,,,,,6
Main-Spessart,Landkreis,8,https://www.main-spessart.de/themen/gesundheit-soziales/gesundheitsregion-plus/3939.Coronavirus-SARS-CoV-2-COVID-19.html,8,,,,,,,,,,,,,,,,9
Main-Tauber-Kreis,Landkreis,34,"https://www.main-tauber-kreis.de/Landratsamt/Aktuelles/Pressemitteilungen/Weiterer-Fall-von-Coronavirus-Infektion-best%C3%A4tigt-Zahlen-17-M%C3%A4rz-.php?object=tx,2894.6&ModID=7&FID=2894.22548.1&NavID=2177.36.1",34,,,,,,,,,,,,,,,,8
Main-Taunus-Kreis,Landkreis,16,https://www.mtk.org/Coronavirus-8588.htm,16,,,,,,,,,,,,,,,,6
Mainz,Kreisfreie Stadt,28,https://mainz.de/verwaltung-und-politik/buergerservice-online/schutz-gegen-corona-infektionen.php,28,,,,,,,,,,,,,,,,7
Mainz-Bingen,Landkreis,20,https://www.mainz-bingen.de/de/aktuelles/Corona.php,20,,,,,,,,,,,,,,,,7
Mannheim,Stadtkreis,72,https://www.mannheim.de/de/nachrichten/aktuelle-information-zu-corona-17-03,72,,,,,,,,,,,,,,,,8
Mansfeld-Südharz,Landkreis,2,https://www.mansfeldsuedharz.de/de/meldungen/landkreis.html,2,,,,,,,,,,,,,,,,15
Marburg-Biedenkopf,Landkreis,34,https://www.marburg-biedenkopf.de/Pressemitteilungen/2020/03/102-2020-Corona-Folgemeldung-9.php,34,,,,,,,,,,,,,,,,6
Märkisch-Oderland,Landkreis,13,https://www.maerkisch-oderland.de/de/aktuelles/pressemitteilung-262020.html,13,,,,,,,,,,,,,,,,12
Mayen-Koblenz,Landkreis,62,https://www.kvmyk.de/kv_myk/Slideshow/Corona-Ticker/,62,,,,,,,,,,,,,,,,7
Mecklenburgische Seenplatte,Landkreis,13,https://www.lk-mecklenburgische-seenplatte.de/Aktuelles/Presse/Informationen-zu-Corona,13,,,,,,,,,,,,,,,,13
Meißen,Landkreis,11,http://www.kreis-meissen.org/15946.html,11,,,,,,,,,,,,,,,,14
Memmingen,Kreisfreie Stadt,3,https://www.memmingen.de/aktuell/nachrichten-und-termine/aktuelle-nachrichten/singlenews-aktuelles/news/detail/News/erster-corona-fall-im-stadtgebiet.html,3,,,,,,,,,,,,,,,,9
Merzig-Wadern,Landkreis,10,"https://www.merzig-wadern.de/Kurzmen%C3%BC/Startseite/-Newsticker-zum-Coronavirus-.php?object=tx,2875.5&ModID=7&FID=2875.1724.1&NavID=1918.1",10,,,,,,,,,,,,,,,,10
Mettmann,Kreis,62,https://www.kreis-mettmann.de/,70,,,,,,http://www.brd.nrw.de/bausteine/_TT/TT_Corona_Virus_Karte_F.html,,,,,,,,,,5
Miesbach,Landkreis,32,https://www.landkreis-miesbach.de/B%C3%BCrgerservice/Aktuelles/Coronavirus,32,,,,,,,,,,,,,,,,9
Miltenberg,Landkreis,5,"https://www.miltenberg.de/#/de/stadt-miltenberg/default/search/Event/city%3A%22Miltenberg%22/view:list/sort:chronological/mode:next_days,3/calView:month",9,,,,,,https://www.landkreis-miltenberg.de/Landkreis/Aktuell/Pressearchiv.aspx?orgid={A4709203-525A-41A8-9DE1-3791D8E8FB5A},,,,,,,,,,9
Minden-Lübbecke,Kreis,87,https://www.minden-luebbecke.de/Startseite/index.php?object=tx%7c2832.14.1&FID=2832.2994.1&NavID=2832.1,87,,,,,,,,,,,,,,,,5
Mittelsachsen,Landkreis,6,https://www.landkreis-mittelsachsen.de/corona,9,,,,,18/03/2020 14:55,https://www.landkreis-mittelsachsen.de/das-amt/neuigkeiten/corona-aktuelle-lage-17-maerz-2020-1.html,,,,,,,,,,14
Mönchengladbach,Kreisfreie Stadt,44,http://www.notfallmg.de/de/,46,,,,,,http://www.brd.nrw.de/bausteine/_TT/TT_Corona_Virus_Karte_F.html,,,,,,,,,,5
Mühldorf a. Inn,Landkreis,1,https://www.lra-mue.de/buergerservice.html,1,,,,,,,,,,,,,,,,9
Mülheim an der Ruhr,Kreisfreie Stadt,16,https://www.muelheim-ruhr.de/cms/fragen_und_antworten_zum_corona-virus.html?fuid=aefaab3fc99d3b0c1b5547a1c0512a83#aktuell,21,,,,,,http://www.brd.nrw.de/bausteine/_TT/TT_Corona_Virus_Karte_F.html,,,,,,,,,,5
München,Kreisfreie Stadt,359,https://www.muenchen.de/aktuell/2020-03/coronavirus-muenchen-infektion-aktueller-stand.html,359,,,,,,,,,,,,,,,,9
München,Landkreis,83,https://www.landkreis-muenchen.de/themen/verbraucherschutz-gesundheit/gesundheit/coronavirus/,83,,,,,,,,,,,,,,,,9
Münster,Kreisfreie Stadt,103,https://www.muenster.de/,114,,,,,18/03/2020 13:00,https://www.muenster.de/,,,,,,,,,,5
Neckar-Odenwald-Kreis,Landkreis,13,https://www.neckar-odenwald-kreis.de/Aktuelle+Themen/Neuigkeiten/___AKTUELLES+UPDATE+%2816_3_2020+um+17_00+Uhr%29___+Informationen+zu+dem+neuartigen+Coronavirus+%28SARS_CoV_2%29-p-5726.html,13,,,,,,,,,,,,,,,,8
Neu-Ulm,Landkreis,10,https://landkreis.neu-ulm.de/de/aktuelle-mitteilungen.html,10,,,,,,,,,,,,,,,,9
Neuburg-Schrobenhausen,Landkreis,3,https://neuburg-schrobenhausen.de/informationen-zum-coronavirus?suche=,3,,,,,,,,,,,,,,,,9
Neumarkt i.d. OPf.,Landkreis,11,https://www.landkreis-neumarkt.de/hp794/Aktuelles.htm,11,,,,,,,,,,,,,,,,9
Neumünster,Kreisfreie Stadt,1,https://www.neumuenster.de/fileadmin/neumuenster.de/media/buergerservice/Berufsfeuerwehr/katastrophenschutz/was_tun_im_kat-fall/PMCoronavirusbestaetigt.pdf,1,,,,,,,,,,,,,,,,1
Neunkirchen,Landkreis,13,https://www.neunkirchen.de/index.php?id=corona,13,,,,,,,,,,,,,,,,10
Neustadt a.d. Aisch-Bad Windsheim,Landkreis,4,https://www.kreis-nea.de/amt-verwaltung/veroeffentlichungen/aktuelles.html,4,,,,,,,,,,,,,,,,9
Neustadt a.d. Waldnaab,Landkreis,1,https://www.facebook.com/Landratsamt.Neustadt.WN,1,,,,,,,,,,,,,,,,9
Neustadt an der Weinstraße,Kreisfreie Stadt,5,https://www.kreis-bad-duerkheim.de/kv_bad_duerkheim/Aktuelles/Aktuelles%20%C3%9Cbersicht/Informationen%20zu%20Corona-Virustyp%20COVID%2019/,5,,,,,,,,,,,,,,,,7
Neuwied,Landkreis,36,https://www.kreis-neuwied.de/kv_neuwied/Home/Aktuelles/wichtige%20Hinweise%20und%20Informationen/Vierzehnter%20Coronafall%20im%20Landkreis%20Neuwied%20-%20%20Hygienema%C3%9Fnahmen%20beachten%20-%20Hinweise%20der%20Kassen%C3%A4rztlichen%20Vereinigung/,36,,,,,,,,,,,,,,,,7
Nienburg (Weser),Landkreis,6,https://www.niedersachsen.de/Coronavirus,6,,,,,,,,,,,,,,,,3
Nordfriesland,Kreis,2,https://www.nordfriesland.de/Kreis-Verwaltung/Aktuelles,2,,,,,,,,,,,,,,,,1
Nordhausen,Landkreis,2,https://www.landratsamt-nordhausen.de/informationen-coronavirus.html,2,,,,,,,,,,,,,,,,16
Nordsachsen,Landkreis,6,https://www.landkreis-nordsachsen.de/infos_zum_coronavirus.html,6,,,,,,,,,,,,,,,,14
Nordwestmecklenburg,Landkreis,3,https://www.nordwestmecklenburg.de/de/aktuelle-meldung.html,3,,,,,,,,,,,,,,,,13
Northeim,Landkreis,7,https://www.landkreis-northeim.de/portal/meldungen/uebersicht-0-23900.html?titel=Aktuelle+Meldungen,7,,,,,,,,,,,,,,,,3
Nürnberg,Kreisfreie Stadt,28,https://www.nuernberg.de/internet/stadtportal/coronavirus.html,28,,,,,,,,,,,,,,,,9
Nürnberger Land,Landkreis,7,https://www.nuernberg.de/internet/stadtportal/coronavirus.html,7,,,,,,,,,,,,,,,,9
Oberallgäu,Landkreis,33,https://www.oberallgaeu.org/de/news/detail/corona:-newsticker-oberallgaeu.html,33,,,,,,,,,,,,,,,,9
Oberbergischer Kreis,Kreis,50,http://www.oberbergischer-kreis.de/cms200/startseite/,50,,,,,,,,,,,,,,,,5
Oberhausen,Kreisfreie Stadt,13,https://www.oberhausen.de/de/index.php,18,,,,,,http://www.brd.nrw.de/bausteine/_TT/TT_Corona_Virus_Karte_F.html,,,,,,,,,,5
Oberhavel,Landkreis,5,https://www.oberhavel.de/B%C3%BCrgerservice/Gesundheit/Aktuelles-zum-Coronavirus,5,,,,,,,,,,,,,,,,12
Oberspreewald-Lausitz,Landkreis,5,http://www.osl-online.de/news/index.php?rubrik=1,5,,,,,,,,,,,,,,,,12
Odenwaldkreis,Landkreis,7,https://www.odenwaldkreis.de/index.php?id=195&tx_news_pi1%5Bnews%5D=2191&tx_news_pi1%5Bcontroller%5D=News&tx_news_pi1%5Baction%5D=detail&cHash=b0b9d51ec2c8419190d90b958dd40c06,7,,,,,,,,,,,,,,,,6
Oder-Spree,Landkreis,14,https://www.landkreis-oder-spree.de/Service-Aktuelles/Aktuelles/Coronavirus,14,,,,,,,,,,,,,,,,12
Offenbach,Landkreis,23,"https://www.kreis-offenbach.de/Themen/Gesundheit-Verbraucher-schutz/akut/Corona/Kreisverwaltung-schlie%C3%9Ft-f%C3%BCr-das-Publikum-komplett.php?object=tx,2896.5&ModID=7&FID=2896.8447.1&NavID=2896.1061&La=1",23,,,,,,,,,,,,,,,,6
Offenbach am Main,Kreisfreie Stadt,5,https://www.offenbach.de/leben-in-of/gesundheit/dir-6/coronavirus.php#c0,5,,,,,,,,,,,,,,,,6
Oldenburg,Landkreis,8,https://www.oldenburg-kreis.de/portal/startseite.html,8,,,,,,,,,,,,,,,,3
Oldenburg (Oldb),Kreisfreie Stadt,25,https://www.oldenburg.de/startseite/leben-umwelt/soziales/gesundheitsamt/coronavirus/corona-aktuelle-lage-in-oldenburg.html,25,,,,,,,,,,,,,,,,3
Olpe,Kreis,14,"https://www.kreis-olpe.de/Quicknavigation/Startseite/Corona-Virus-%C3%9Cbersicht.php?object=tx,3123.5&ModID=7&FID=3125.1097.1",14,,,,,,,,,,,,,,,,5
Ortenaukreis,Landkreis,49,https://www.ortenaukreis.de/media/custom/2390_5025_1.PDF?1584455070,49,,,,,,,,,,,,,,,,8
Osnabrück,Kreisfreie Stadt,54,https://www.landkreis-osnabrueck.de/veterinaer-gesundheit/infektionsschutz/covid-19,54,,,,,,,,,,,,,,,,3
Osnabrück,Landkreis,47,https://www.landkreis-osnabrueck.de/veterinaer-gesundheit/infektionsschutz/covid-19,47,,,,,,,,,,,,,,,,3
Ostalbkreis,Landkreis,96,https://www.ostalbkreis.de/sixcms/detail.php?_topnav=36&_sub1=31788&_sub2=32062&_sub3=292448&id=292450,96,,,,,,,,,,,,,,,,8
Ostallgäu,Landkreis,14,https://www.landkreis-ostallgaeu.de/aktuelles.html,14,,,,,,,,,,,,,,,,9
Osterholz,Landkreis,20,https://www.landkreis-osterholz.de/portal/meldungen/landkreis-gibt-nochmals-allgemeine-hinweise-zum-umgang-mit-dem-coronavirus-901005077-21000.html?rubrik=901000054,20,,,,,,,,,,,,,,,,3
Ostholstein,Kreis,4,"https://www.kreis-oh.de/Service-Navigation/Start/index.php?object=tx,2454.18562.1&NavID=2454.255",4,,,,,,,,,,,,,,,,1
Ostprignitz-Ruppin,Landkreis,0,https://www.ostprignitz-ruppin.de/,0,,,,,,,,,,,,,,,,12
Paderborn,Kreis,52,https://www.kreis-paderborn.de/kreis_paderborn/aktuelles/pressemitteilungen/ausschuesse-abgesat.php,52,,,,,,,,,,,,,,,,5
Passau,Kreisfreie Stadt,3,http://www.passau.de/default.aspx?ID=e553c8db-27d4-46fa-8c54-f0cace69cfe9,3,,,,,,,,,,,,,,,,9
Passau,Landkreis,15,https://www.landkreis-passau.de/landkreis-verwaltung-politik/aktuelles/aktuelle-meldungen/,15,,,,,,,,,,,,,,,,9
Peine,Landkreis,8,"https://www.landkreis-peine.de/Quicknavigation/Start/Neue-Coronaf%C3%A4lle-im-Landkreis-Peine.php?object=tx,2555.5&ModID=7&FID=2555.6498.1",8,,,,,,,,,,,,,,,,3
Pfaffenhofen a.d. Ilm,Landkreis,11,https://www.landkreis-pfaffenhofen.de/LANDRATSAMT/Geschaeftsverteilung/Geschaeftsverteilungsplan.aspx?view=~/kxp/orgdata/default&orgid=85ae92ca-8b38-4d78-90ab-dfc06520a763,11,,,,,,,,,,,,,,,,9
Pforzheim,Stadtkreis,7,"https://www.enzkreis.de/Quicknavigation/Start/Gesundheitsamt-informiert-%C3%BCber-das-neue-Coronavirus-SARS-CoV-2-18-best%C3%A4tigte-F%C3%A4lle-in-Pforzheim-und-im-Enzkreis.php?object=tx,2891.6&ModID=7&FID=2891.1978.1",7,,,,,,,,,,,,,,,,8
Pinneberg,Kreis,27,https://www.kreis-pinneberg.de/Coronavirus.html,27,,,,,,,,,,,,,,,,1
Pirmasens,Kreisfreie Stadt,0,https://www.pirmasens-land.de/vg_pirmasens_land/Aktuelles/Aktuelle%20Elterninformation%20zur%20Schlie%C3%9Fung%20der%20Kindertagesst%C3%A4tten%20in%20Rheinland-Pfalz/,0,,,,,,,,,,,,,,,,7
Pl├Ân,Kreis,6,https://www.kreis-ploen.de/B%C3%BCrgerservice/Informationen-zum-Coronavirus,6,,,,,,,,,,,,,,,,1
Potsdam,Kreisfreie Stadt,13,https://www.potsdam.de/177-potsdam-schliesst-kneipen-und-kinos-regelungen-fuer-gaststaetten,13,,,,,,,,,,,,,,,,12
Potsdam-Mittelmark,Landkreis,8,https://www.potsdam-mittelmark.de/de/aktuelles-termine/neues-aus-dem-landkreis/aktuelles/?tx_ttnews%5Btt_news%5D=886&cHash=210c04036e2c7639dedc03c272700cd1,8,,,,,,,,,,,,,,,,12
Prignitz,Landkreis,0,https://www.landkreis-prignitz.de/de/aktuelles/index.php,0,,,,,,,,,,,,,,,,12
Rastatt,Landkreis,39,https://www.landkreis-rastatt.de/site/kreis-rastatt/get/documents_E937746122/kreis-rastatt/Objekte/02_Landratsamt/pdf-Dateien/Gesundheitsamt/CORONA_Grafische%20Darstellung%20Landkreis%20Rastatt%20und%20Stadtkreis%20Baden-Baden.pdf,39,,,,,,,,,,,,,,,,8
Ravensburg,Landkreis,70,"https://www.schwaebische.de/landkreis/landkreis-ravensburg/ravensburg_artikel,-schon-70-f%C3%A4lle-warum-die-corona-regeln-im-kreis-ravensburg-besonders-streng-sind-_arid,11201157.html",83,,,,,18.03.2020 14:30,https://www.rv.de/Startseite,,,,,,,,,,8
Recklinghausen,Kreis,63,https://www.kreis-re.de/Inhalte/Buergerservice/Gesundheit_und_Ernaehrung/Infektionsschutz/Coronavirus.asp,63,,,,,,,,,,,,,,,,5
Regen,Landkreis,18,https://www.landkreis-regen.de/informationen-zum-thema-coronavirus/,18,,,,,,,,,,,,,,,,9
Regensburg,Kreisfreie Stadt,17,https://www.regensburg.de/aktuelles/coronavirus,17,,,,,,,,,,,,,,,,9
Regensburg,Landkreis,19,https://www.landkreis-regensburg.de/unser-landkreis/aktuelles/coronavirus/,19,,,,,,,,,,,,,,,,9
Region Hannover,Landkreis,138,https://www.hannover.de/Leben-in-der-Region-Hannover/Verwaltungen-Kommunen/Die-Verwaltung-der-Region-Hannover/Region-Hannover/Aktuelle-Informationen-zum-Coronavirus-der-Region-Hannover,146,,,,,18.03.2020 14:05,,,,,,,,,,,3
Regionalverband Saarbrücken,Landkreis,27,https://www.regionalverband-saarbruecken.de/presse/nachricht-startseite/news/aktuell-27-bestaetigte-coronavirus-erkrankte-im-regionalverband/?tx_news_pi1%5Bcontroller%5D=News&tx_news_pi1%5Baction%5D=detail&cHash=dbd9b39722210833eabe8e14303aafd1,27,,,,,,,,,,,,,,,,10
Rems-Murr-Kreis,Landkreis,54,https://www.rems-murr-kreis.de/jugend-gesundheit-soziales/gesundheit/coronavirus-aktuelle-informationen/,64,,,,,18.03.2020 10:00,https://www.rems-murr-kreis.de/jugend-gesundheit-soziales/gesundheit/coronavirus-aktuelle-informationen/,,,,,,,,,,8
Remscheid,Kreisfreie Stadt,15,https://remscheid.de/pressearchiv/meldungen-2020/03-maerz/146380100000143530.php,15,,,,,,,,,,,,,,,,5
Rendsburg-Eckernförde,Kreis,13,https://www.kreis-rendsburg-eckernfoerde.de/service/aktuelles-coronavirus/,13,,,,,,,,,,,,,,,,1
Reutlingen,Landkreis,43,https://www.kreis-reutlingen.de/de/Aktuelles/Landkreis-aktuell/Landkreis-aktuell?view=publish&item=article&id=1909,43,,,,,,,,,,,,,,,,8
Rhein-Erft-Kreis,Kreis,89,https://www.rhein-erft-kreis.de/coronavirus,89,,,,,,,,,,,,,,,,5
Rhein-Hunsrück-Kreis,Landkreis,28,https://www.kreis-sim.de/Aktuelles/Informationen-zum-Coronavirus/,28,,,,,,,,,,,,,,,,7
Rhein-Kreis Neuss,Kreis,50,https://www.rhein-kreis-neuss.de/de/verwaltung-politik/pressemeldungen/2020/174-aktuell-44-infektionen-mit-dem-coronavirus-im-rhein-kreis-neuss.html,50,,,,,,,,,,,,,,,,5
Rhein-Lahn-Kreis,Landkreis,15,https://www.rhein-lahn-kreis.de/aktuelles/corona/corona-aktueller-stand-15-3/,15,,,,,,,,,,,,,,,,7
Rhein-Neckar-Kreis,Landkreis,109,"https://www.rhein-neckar-kreis.de/,Lde/start/landratsamt/coronavirus+-+faq.html",124,,,,,18.03.2020,"https://www.rhein-neckar-kreis.de/,Lde/start/landratsamt/coronavirus+-+faq.html",,,,,,,,,,8
Rhein-Pfalz-Kreis,Landkreis,3,https://www.rhein-pfalz-kreis.de/kv_rpk/Coronavirus/,3,,,,,,,,,,,,,,,,7
Rhein-Sieg-Kreis,Kreis,111,https://www.rhein-sieg-kreis.de/corona,111,,,,,,,,,,,,,,,,5
Rheingau-Taunus-Kreis,Landkreis,25,https://www.rheingau-taunus.de/aktuelles/hinweise/detail/informationen-zum-coronavirus.html,25,,,,,,,,,,,,,,,,6
Rheinisch-Bergischer Kreis,Kreis,60,https://www.rbk-direkt.de/news/28836/52-bestaetigte-corona-faelle-im-rheinisch-bergischen-kreis-,60,,,,,,,,,,,,,,,,5
Rhön-Grabfeld,Landkreis,3,https://www.rhoen-grabfeld.de/internet/index.php?page=15492&,3,,,,,,,,,,,,,,,,9
Rosenheim,Kreisfreie Stadt,1,https://rosenheim.de/aktuell-rathaus/stadt-und-landkreis-rosenheim-aktuelle-informationen-zum-corona-virus.html,1,,,,,,,,,,,,,,,,9
Rosenheim,Landkreis,47,https://www.landkreis-rosenheim.de/#{2},47,,,,,,,,,,,,,,,,9
Rostock,Kreisfreie Stadt,16,https://www.rostock.de/pandemie,16,,,,,,,,,,,,,,,,13
Rostock,Landkreis,13,https://www.landkreis-rostock.de/landkreis/aktuelles/news/2020/maerz/coronavirus-2.html,13,,,,,,,,,,,,,,,,13
Rotenburg (Wümme),Landkreis,18,https://www.lk-row.de/portal/seiten/coronavirus-sars-cov-2--900000145-23700.html?rubrik=1007,18,,,,,,,,,,,,,,,,3
Roth,Landkreis,5,https://www.landratsamt-roth.de/,5,,,,,,,,,,,,,,,,9
Rottal-Inn,Landkreis,30,https://www.rottal-inn.de/buergerservice-formulare/gesundheitsamt/coronavirus-aktuelle-informationen/,30,,,,,,,,,,,,,,,,9
Rottweil,Landkreis,5,https://www.schwarzwaelder-bote.de/inhalt.kreis-rottweil-erster-corona-todesfall-im-landkreis.9d46442f-7609-4908-b4e8-19c21d3c9cd0.html,5,,,,,,,,,,,,,,,,8
Saale-Holzland-Kreis,Landkreis,4,https://www.saaleholzlandkreis.de/index.php?id=2759,4,,,,,,,,,,,,,,,,16
Saale-Orla-Kreis,Landkreis,3,https://www.saale-orla-kreis.de/sok/,3,,,,,,,,,,,,,,,,16
Saalekreis,Landkreis,3,https://www.saalekreis.de/de/aktuelles-publikationen/coronavirus.html,3,,,,,,,,,,,,,,,,15
Saalfeld-Rudolstadt,Landkreis,5,http://www.kreis-slf.de/landratsamt/nachrichtenansicht/archive/2020/m%C3%A4rz/13/article/fuenf-bestaetigte-corona-faelle-im-landkreis/,5,,,,,,,,,,,,,,,,16
Saarlouis,Landkreis,24,https://www.kreis-saarlouis.de/Aktuelles/Corona-Ticker-Aktuelle-Lage.html?,24,,,,,,,,,,,,,,,,10
Saarpfalz-Kreis,Landkreis,17,https://www.saarpfalz-kreis.de/images/Gesundheitsamt/2020/Medieninfo_MfSGFF_163_Saarlndisches_Gesundheitsministerium_besttigt_weitere_elf_Erkrankungen_am_Coronavirus.pdf,17,,,,,,,,,,,,,,,,10
Sächsische Schweiz-Osterzgebirge,Landkreis,14,https://www.landratsamt-pirna.de/50282.htm,14,,,,,,,,,,,,,,,,14
Salzgitter,Kreisfreie Stadt,3,https://www.salzgitter.de/,3,,,,,,,,,,,,,,,,3
Salzlandkreis,Landkreis,8,https://www.salzlandkreis.de/verwaltung/fachdienste-plattform/34-gesundheit/corona-virus/,8,,,,,,,,,,,,,,,,15
Schaumburg,Landkreis,5,https://www.sn-online.de/Schaumburg/Landkreis/Aus-dem-Landkreis/Urlaubsrueckkehrer-Fuenfter-Corona-Fall-im-Landkreis-Schaumburg,5,,,,,,,,,,,,,,,,3
Schleswig-Flensburg,Kreis,17,"https://www.schleswig-flensburg.de/Leben-Soziales/Gesundheit/Coronavirus/Corona-Virus-Aktuelle-Informationen-des-Kreises-Schleswig-Flensburg.php?object=tx,2120.1&ModID=7&FID=2475.1421.1&NavID=2120.752&La=1",17,,,,,,,,,,,,,,,,1
Schmalkalden-Meiningen,Landkreis,3,https://www.lra-sm.de/?p=22632,3,,,,,,,,,,,,,,,,16
Schwabach,Kreisfreie Stadt,5,https://www.schwabach.de/de/,5,,,,,,,,,,,,,,,,9
Schwäbisch Hall,Landkreis,48,https://www.lrasha.de/index.php?id=953?&no_cache=1&publish[id]=1107342&publish[start]=,48,,,,,,,,,,,,,,,,8
Schwalm-Eder-Kreis,Landkreis,34,https://www.schwalm-eder-kreis.de/Aktuelles/Aktuelle-Informationen-zum-neuartigen-Coronavirus-Covid-19/Aktuelle-Zahlen-Schwalm-Eder.htm?,34,,,,,,,,,,,,,,,,6
Schwandorf,Landkreis,15,https://www.landkreis-schwandorf.de/index.php?object=tx%7C1901.64&ModID=255&FID=1901.15309.1&&mNavID=1.100&La=1,15,,,,,,,,,,,,,,,,9
Schwarzwald-Baar-Kreis,Landkreis,27,"https://www.lrasbk.de/Aktuelles/Neuigkeiten/index.php?object=tx,2961.13137.1&NavID=2961.1467.1",27,,,,,,,,,,,,,,,,8
Schweinfurt,Kreisfreie Stadt,8,https://www.landkreis-schweinfurt.de/aktuelles/presseportal/details/?tx_news_pi1%5Bnews%5D=928&tx_news_pi1%5Bcontroller%5D=News&tx_news_pi1%5Baction%5D=detail&cHash=5c35f784323e1ad42f938cb9e60a949c,8,,,,,,,,,,,,,,,,9
Schweinfurt,Landkreis,16,https://www.landkreis-schweinfurt.de/aktuelles/presseportal/details/?tx_news_pi1%5Bnews%5D=928&tx_news_pi1%5Bcontroller%5D=News&tx_news_pi1%5Baction%5D=detail&cHash=5c35f784323e1ad42f938cb9e60a949c,16,,,,,,,,,,,,,,,,9
Schwerin,Kreisfreie Stadt,7,https://www.schwerin.de/politik-verwaltung/stadtverwaltung/pressestelle/pressemitteilungen/,7,,,,,,,,,,,,,,,,13
Segeberg,Kreis,14,https://www.segeberg.de/coronavirus,14,,,,,,,,,,,,,,,,1
Siegen-Wittgenstein,Kreis,26,"https://www.siegen-wittgenstein.de/Kreisverwaltung/Aktuelles/Aktuelle-Meldungen/5-neue-Coronaf%C3%A4lle-in-Siegen-Wittgenstein-Kreisverwaltung-bleibt-ab-Dienstag-17-M%C3%A4rz-geschlossen.php?object=tx,2170.14.1&ModID=7&FID=2170.2482.1&NavID=2170.58&La=1&call=suche",26,,,,,,,,,,,,,,,,5
Sigmaringen,Landkreis,37,https://www.landkreis-sigmaringen.de/de/Aktuell/Aktuelle-Meldungen/Aktuelle-Meldung?view=publish&item=article&id=2256,37,,,,,,,,,,,,,,,,8
Soest,Kreis,35,https://www.kreis-soest.de/gesundheit_verbraucher/gesundheit/infektionsschutz/corona/Corona.php,35,,,,,,,,,,,,,,,,5
Solingen,Kreisfreie Stadt,32,https://www.solingen.de/de/inhalt/coronavirus/,32,,,,,,,,,,,,,,,,5
Sömmerda,Landkreis,0,https://www.lra-soemmerda.de/,0,,,,,,,,,,,,,,,,16
Sonneberg,Landkreis,0,https://www.kreis-sonneberg.de/,0,,,,,,,,,,,,,,,,16
Speyer,Kreisfreie Stadt,4,https://www.speyer.de/sv_speyer/de/Rathaus/Medien-Infos/Aktuelle%20Infos/Aktuelle%20Informationen%20zum%20Coronavirus/,4,,,,,,,,,,,,,,,,7
Spree-Neiße,Landkreis,13,https://www.lkspn.de/aktuelles/aktuelles-landkreis-spree-neisse/informationen_coronavirus.html,13,,,,,,,,,,,,,,,,12
St. Wendel,Landkreis,17,https://www.landkreis-st-wendel.de/der-landkreis/landratsamt/aktuelle-meldungen/,17,,,,,,,,,,,,,,,,10
Stade,Landkreis,28,https://www.landkreis-stade.de/portal/meldungen/coronavirus-aktuelle-lage-informationen-und-hinweise-des-gesundheitsamtes-landkreis-stade-901004416-20350.html?rubrik=901000006,28,,,,,,,,,,,,,,,,3
Städteregion Aachen,Kreis,211,http://www.aachen.de/DE/stadt_buerger/notfall_informationen/corona/aktuelles/index.html,273,,,,4,18/03/2020 13:45,http://www.aachen.de/DE/stadt_buerger/notfall_informationen/corona/aktuelles/index.html,@_MitschiBoy_,,,,,,,,,5
Starnberg,Landkreis,50,https://www.lgl.bayern.de/gesundheit/infektionsschutz/infektionskrankheiten_a_z/coronavirus/karte_coronavirus/index.htm,50,,,,,,,,,,,,,,,,9
Steinburg,Kreis,4,https://www.steinburg.de/startseite/presse-aktuelles/meldungen/details/tx_news/allgemeine-informationen-und-verhaltensregeln-zum-coronavirus.html,4,,,,,,,,,,,,,,,,1
Steinfurt,Kreis,95,https://www.kreis-steinfurt.de/kv_steinfurt/Aktuelles/Slider/Informationen%20Coronavirus/,114,,,,,18/03/2020 08:30,https://www.kreis-steinfurt.de/kv_steinfurt/Aktuelles/Slider/Informationen%20Coronavirus/,@_MitschiBoy_,,,,,,,,,5
Stendal,Landkreis,8,https://www.landkreis-stendal.de/,8,,,,,,,,,,,,,,,,15
Stormarn,Kreis,8,https://www.kreis-stormarn.de/aktuelles/pressemeldungen/2020/zahl-der-corona-faelle-im-kreis-stormarn.html,8,,,,,,,,,,,,,,,,1
Straubing,Kreisfreie Stadt,8,http://www.straubing.de/de/buerger-und-soziales/aktuelles/2020/info_corona_virus.php,8,,,,,,,,,,,,,,,,9
Straubing-Bogen,Landkreis,4,https://www.landkreis-straubing-bogen.de/buergerservice/aktuelles-pressemitteilungen/corona/,4,,,,,,,,,,,,,,,,9
Stuttgart,Stadtkreis,284,https://www.stuttgart.de/item/show/273273/1/9/689988?plist=homepage,284,,,,,,,,,,,,,,,,8
Südliche Weinstraße,Landkreis,19,https://www.suedliche-weinstrasse.de/de/aktuelles/pressemeldungen/2020_066.php,19,,,,,,,,,,,,,,,,7
Südwestpfalz,Landkreis,3,https://www.lksuedwestpfalz.de/aktuelles/nachrichten/2020/maerz/coronavirus-erster-positiver-fall/,3,,,,,,,,,,,,,,,,7
Suhl,Kreisfreie Stadt,1,https://www.suhltrifft.de/content/blogsection/41/2246/,1,,,,,,,,,,,,,,,,16
Teltow-Fläming,Landkreis,10,http://www.teltow-flaeming.de/de/service/gesundheit/corona-virus-dossier.php,10,,,,,,,,,,,,,,,,12
Tirschenreuth,Landkreis,40,https://www.kreis-tir.de/buergerservice/aktuelles/news/news/detail/News/20-weitere-faelle-im-landkreis-tirschenreuth-3-weitere-praxen-betroffen-eingeschraenkter-dienstbetri/,40,,,,,,,,,,,,,,,,9
Traunstein,Landkreis,10,https://www.traunstein.com/aktuelles/meldungen/aktuelle-informationen-zum-corona-virus-im-lk-ts-drei-neue-bestaetigte-faelle,10,,,,,,,,,,,,,,,,9
Trier,Kreisfreie Stadt,10,https://www.trier-saarburg.de/,10,,,,,,,,,,,,,,,,7
Trier-Saarburg,Landkreis,12,https://www.trier-saarburg.de/,12,,,,,,,,,,,,,,,,7
Tübingen,Landkreis,101,https://www.tuebingen.de/corona,101,,,,,,,,,,,,,,,,8
Tuttlingen,Landkreis,7,"https://www.schwaebische.de/landkreis/landkreis-tuttlingen/tuttlingen_artikel,-weiterer-corona-fall-im-landkreis-tuttlingen-_arid,11201241.html",7,,,,,,,,,,,,,,,,8
Uckermark,Landkreis,0,"https://www.uckermark.de/index.phtml?La=1&mNavID=1897.1&object=tx,2203.462.1&kat=&kuo=2&sub=0",0,,,,,,,,,,,,,,,,12
Uelzen,Landkreis,1,https://www.landkreis-uelzen.de/home/soziales-familie-und-gesundheit/gesundheit/corona-virus.aspx,1,,,,,,,,,,,,,,,,3
Ulm,Stadtkreis,19,https://www.alb-donau-kreis.de/alb-donau-kreis/startseite/dienstleistungen+service/coronavirus.html,19,,,,,,,,,,,,,,,,8
Unna,Kreis,25,https://www.kreis-unna.de/nachrichten/n/update-coronavirus-1/,25,,,,,,,,,,,,,,,,5
Unstrut-Hainich-Kreis,Landkreis,2,https://www.unstrut-hainich-kreis.de/,2,,,,,,,,,,,,,,,,16
Unterallgäu,Landkreis,18,https://www.landratsamt-unterallgaeu.de/aktuelles/pressemitteilungen.html,19,,,,,17/03/2020 12:00,https://www.landratsamt-unterallgaeu.de/aktuelles/pressemitteilungen/pressemitteilung-detail-ansicht/news/detail/news/corona:-so-schuetzen-sie-sich-und-ihre-mitmenschen.html,@_MitschiBoy_,,,,,,,,,9
Vechta,Landkreis,6,https://www.landkreis-vechta.de/nc/service/aktuelles/pressemitteilungen/einzelansicht/news/inzwischen-sechs-covid-19-infektionen-im-landkreis-vechta.html,6,,,,,,,,,,,,,,,,3
Verden,Landkreis,14,https://www.landkreis-verden.de/portal/seiten/aktuelles-zum-coronavirus-geschehen-im-landkreis-verden-901001573-20600.html?rubrik=901000034,14,,,,,,,,,,,,,,,,3
Viersen,Kreis,46,https://www.kreis-viersen.de/,58,1,,,,18/03/2020 12:20,https://www.kreis-viersen.de/,@JamesEDaniell,,,,,,,,,5
Vogelsbergkreis,Landkreis,4,https://www.vogelsbergkreis.de/kreisverwaltung/presse/ansicht.html?tx_ttnews%5Btt_news%5D=8565&cHash=356a8df8b497242be96eb2f519321ea3,4,,,,,,,,,,,,,,,,6
Vogtlandkreis,Landkreis,2,https://www.vogtlandkreis.de/B%C3%BCrgerservice-und-Verwaltung/Infos-und-Services/Pressemitteilungen,2,,,,,,,,,,,,,,,,14
Vorpommern-Greifswald,Landkreis,9,"https://www.kreis-vg.de/Kurzmen%C3%BC/Startseite/Aktuelles-zum-CORONA-Virus.php?object=tx,3079.5&ModID=7&FID=3079.14685.1",9,,,,,,,,,,,,,,,,13
Vorpommern-Rügen,Landkreis,6,https://www.lk-vr.de/,6,,,,,,,,,,,,,,,,13
Vulkaneifel,Landkreis,11,https://www.vulkaneifel.de/aktuelles/aktuelles-aus-rat-und-verwaltung/weitere-bestaetigte-corona-faelle-im-landkreis-vulkaneifel.html,11,,,,,,,,,,,,,,,,7
Waldeck-Frankenberg,Landkreis,8,https://www.landkreis-waldeck-frankenberg.de/city_info/webaccessibility/index.cfm?modul_id=2&record_id=109129,8,,,,,,,,,,,,,,,,6
Waldshut,Landkreis,8,https://www.landkreis-waldshut.de/aktuelles/,8,,,,,,,,,,,,,,,,8
Warendorf,Kreis,84,https://www.kreis-warendorf.de/aktuelles/presseinformationen/,84,,,,,,,,,,,,,,,,5
Wartburgkreis,Landkreis,5,https://www.wartburgkreis.de/leben-im-wartburgkreis/gesundheit/aktuelle-informationen-zum-corona-virus,5,,,,,,,,,,,,,,,,16
Weiden i.d. OPf.,Kreisfreie Stadt,7,https://www.weiden.de/stadt/willkommen/aktuelles/zwei-weitere-coronafaelle-in-weiden,7,,,,,,,,,,,,,,,,9
Weilheim-Schongau,Landkreis,26,https://www.weilheim-schongau.de/aktuelles/aktuelle-meldungen/pressemitteilung-54-2020-vom-16032020/,26,,,,,,,,,,,,,,,,9
Weimar,Kreisfreie Stadt,2,https://stadt.weimar.de/nc/aktuell/,2,,,,,,,,,,,,,,,,16
Weimarer Land,Landkreis,1,https://www.weimarerland.de/soziales/index.html,1,,,,,,,,,,,,,,,,16
Weißenburg-Gunzenhausen,Landkreis,2,https://www.landkreis-wug.de/presseliveticker-corona/,5,,,,,18/03/2020 12:00,https://www.landkreis-wug.de/newsticker-corona/,@_MitschiBoy_,,,,,,,,,9
Werra-Meißner-Kreis,Landkreis,1,https://www.werra-meissner-kreis.de/fileadmin/01_Homepage_Kreisverwaltung/Fachbereiche_und_Einrichtungen/VL_Stab_Verwaltungsleitung_und_-steuerung/POE_Presse_und_Oeffentlichkeitsarbeit_Buergerreferent_Kultur/Presse-_und_OEffentlichkeitsarbeit/Pressemitteilungen/Pressemitteilungen_2020/03_Maerz/20.03.16_Erster_Coronafall_WMK.pdf,1,,,,,,,,,,,,,,,,6
Wesel,Kreis,126,https://www.kreis-wesel.de/de/presse/aktueller-stand-der-infektionsfaelle-mit-coronavirus-covid-19-im-kreis-wesel-2851183/,152,,,,,18/03/2020 12:00,https://www.kreis-wesel.de/de/presse/aktueller-stand-der-infektionsfaelle-mit-coronavirus-covid-19-im-kreis-wesel-1424873/,@_MitschiBoy_,,,,,,,,,5
Wesermarsch,Landkreis,0,http://www.landkreis-wesermarsch.de/verwaltung-politik/fachdienste-im-ueberblick/gesundheit/aktuelles-coronoavirus.php,4,,,,,18/03/2020 14:00,http://www.landkreis-wesermarsch.de/verwaltung-politik/fachdienste-im-ueberblick/gesundheit/aktuelles-coronoavirus.php,@_MitschiBoy_,,,,,,,,,3
Westerwaldkreis,Landkreis,53,https://www.westerwaldkreis.de/aktuelles-detailansicht/gesundheitsamt-informiert.html,53,,,,,,,,,,,,,,,,7
Wetteraukreis,Landkreis,15,https://www.wetteraukreis.de/aktuelles/corona/pressemitteilungen-corona/detail/news/gemeinsames-schreiben-der-kreisspitze-zu-corona/,15,,,,,,,,,,,,,,,,6
Wiesbaden,Kreisfreie Stadt,22,https://www.wiesbaden.de/leben-in-wiesbaden/gesundheit/gesundheitsfoerderung/infos-coronavirus.php,22,,,,1,,,,,,,,,,,,6
Wilhelmshaven,Kreisfreie Stadt,3,https://www.wilhelmshaven.de/,3,,,,,,,,,,,,,,,,3
Wittenberg,Landkreis,3,https://ms.sachsen-anhalt.de/themen/gesundheit/aktuell/coronavirus/,3,,,,,,,,,,,,,,,,15
Wittmund,Landkreis,3,https://www.landkreis-wittmund.de/LebenArbeiten/Gesundheit/Infektionsschutz/Coronavirus.aspx,3,,,,,,,,,,,,,,,,3
Wolfenbüttel,Landkreis,1,https://www.braunschweiger-zeitung.de/wolfenbuettel/article228711753/Erster-bestaetigter-Corona-Fall-im-Landkreis-Wolfenbuettel.html,1,,,,,,,,,,,,,,,,3
Wolfsburg,Kreisfreie Stadt,4,https://www.wolfsburg.de/newsroom/2020/02/26/13/41/coronavirus,5,,,,,18/03/2020 9:30,https://www.wolfsburg.de/newsroom/2020/02/26/13/41/coronavirus,@_MitschiBoy_,,,,,,,,,3
Worms,Kreisfreie Stadt,14,https://www.worms.de/de/aktuelles/stadtnachrichten/2020-03-12-16-26-24.php#anchor_25a7a48d_Accordion-Kindergaerten-und-Kindertagesstaetten,14,,,,,,,,,,,,,,,,7
Wunsiedel i. Fichtelgebirge,Landkreis,14,https://www.landkreis-wunsiedel.de/buergerservice/news/2020/wichtige-informationen-zum-coronavirus-sars-cov-2,14,,,,,,,,,,,,,,,,9
Wuppertal,Kreisfreie Stadt,31,https://www.wuppertal.de/presse/meldungen/meldungen-2020/februar20/corona-virus-information.php,50,,,,,,http://www.brd.nrw.de/bausteine/_TT/TT_Corona_Virus_Karte_F.html,,,,,,,,,,5
Würzburg,Kreisfreie Stadt,40,https://www.wuerzburg.de/themen/gesundheit-soziales/coronavirus/index.html,40,,,,,,,,,,,,,,,,9
Würzburg,Landkreis,47,"https://www.landkreis-wuerzburg.de/Auf-einen-Klick/Aktuelles/Coronavirus/Sieben-neue-Corona-F%C3%A4lle-in-Stadt-und-Landkreis-W%C3%BCrzburg-Landrat-sagt-Wahlstudio-im-Landratsamt-ab.php?object=tx,2680.5&ModID=7&FID=2680.21372.1&NavID=2680.396&La=1",47,,,,,,,,,,,,,,,,9
Zollernalbkreis,Landkreis,51,https://www.zollernalbkreis.de/aktuelles/nachrichten/antworten+auf+haeufig+gestellte+fragen+zum+neuartigen+coronavirus,51,,,,,,,,,,,,,,,,8
Zweibrücken,Kreisfreie Stadt,0,http://www.lkswp.de/corona-info,0,,,,,,,,,,,,,,,,7
Zwickau,Landkreis,23,https://www.landkreis-zwickau.de/index.html,23,,,,,,,,,,,,,,,,14